{
  "waypoint1": {
    "x": 6.35991026975353,
    "y": 3.9647938309234956,
    "z": 0.00880709115295017
  },
  "waypoint2": {
    "x": 6.258110963528744,
    "y": -5.34609394721966,
    "z": 0.008807386658567895
  },
  "waypoint3": {
    "x": 2.6292774104180707,
    "y": -0.1116601855403602,
    "z": 0.008807993099048242
  }
}